utente,ristorante
NNNGDU87A01L682R,il guazzetto
NNNGDU87A01L682R,romantico
GHRMMA9D57K682W1,atosushi
GHRMMO04s57L682W,atosushi
GHRMMO0S457L682W,alicepizza
GHRMMAD48I8L682W,atosushi
GHRMMO04s57L682W,romantico
KACEMS4I57P682W,fabrica dei sapori
MEEZARY74IL682W,Amador
GHRMMO04s57L682W,Amador
GHRMMO04s57L682W,il guazzetto
GHRMMO04s57L682W,alicepizza
GHRMMO04s57L682W,fabrica dei sapori
HADIROU3S47L682W,ramen&poke
ANNARO2E3o682W,fast food
GUFRANR7A9O682W,MAC
GHRMMO04s57L682W,ramen&poke
GHRMMO04s57L682W,Amador
GHRMMO04s57L682W,Amador
GHRMMO04s57L682W,atosushi
GHRMMO04s57L682W,romantico
GIUSY123OIW3682W,poke
GHRMMO04s57L682W,MAC
MARIO34SD2PO987Q,sushizero
