atosushiatosushi,via pergine ,Varese,25.25,napoletana,157.25,124.36,03325245346,www.sgfag.com,www.sgfag.com,gambero rosso,Siaccesso disabili,ottima cucina
michlin,via dalmazia 33,Varese,25.25,napoletana,157.25,124.36,03325245346,www.sgfag.com,www.sgfag.com,gambero rosso,Siaccesso disabili,ottima cucina
il guazzetto,via roma 23,Varese,25.25,napoletana,157.25,124.36,03325245346,www.sgfag.com,www.sgfag.com,gambero rosso,Siaccesso disabili,ottima cucina
romantico,via Milano 23,Varese,25.25,napoletana,157.25,124.36,03325245346,www.sgfag.com,www.sgfag.com,gambero rosso,Siaccesso disabili,ottima cucina
antica taverna milano,via napoli 54,varese,25.25,napoletana,157.25,124.36,0332434356,www.sgfag.com,www.sgfag.com,gambero rosso,Siaccesso disabili,cibo milanese autentico
atosushi,via zucchini,varese,25.25,napoletana,157.25,124.36,3490228733,www.sgfag.com,www.sgfag.com,gambero rosso,Siaccesso disabili,� un bel locale
