nome,cognome,codFiscale,username,password,dataNascita,luogoDomicilio,ruolo
Guido,Iannone,NNNGDU87A01L682R,guido.iannone@gmail.com,varese,01/01/1987,varese,cliente
oumema,gharsellaoui,GRSMMO06E20L682W,oumema.gharsellaoui@gmail.com,varese,20/05/2006,varese,ristoratore
marco,aurelio,RLOMRC24E23L682W,marco.aurelio@gmail.com,varese,01/01/2000,varese,ristoratore
gufy,gh,Ghrmmo04sl5w682q,oumy,zaq1,17/11/12,varese,cliente
claudia,ini,NIICLD08E20L682R,claudia@gmail.com,claudia23,23/04/2008,varese,ristoratore
omema,gha,GHRMMO04s57L682W,oumy,123,17/11/2004,varese,cliente
amin,ss,GHRMMA9D57K682W1,ami,456,02/10/2007,varese,ristoratore
